,titles,category
0,지난해 불타고 젖은 폐기화폐   쌓으면 롯데타워    배 높이 ,Economic
1,   억원대 전세사기범에 구형보다  년 긴   년형 선고,Economic
2,트럼프 테마주  배 폭등했는데  개미들  그래도 묻고 더블로 ,Economic
3, 물타기도 지쳤다   차전지에 베팅한 개미 수익률     ,Economic
4,김주현 이복현  증권사  강도 높은 자정 필요  부동산    작심 발언 종합 ,Economic
5,   라씨로 포스코인터  영업이익  조 달성에 상승세,Economic
6, 생계비대출 받으러 오셨어요  일자리도 알아봐 드릴게요 ,Economic
7,전현직 연준 관리      월 금리 인하 가능성 아직 있어,Economic
8,  조 기부왕 창업주  삼영산업  직원    명 전원 해고 통보,Economic
9, 달동네  정릉골 재개발  관리처분인가      가구 타운하우스 재탄생,Economic
10, 총선 앞두고 찬물  공정위 플랫폼법 사실상 손절하는 정치권 반대여론 확산에  사면초가  ,Economic
11,셀트리온    시밀러 출시 가속페달   년  종  년  종 ,Economic
12,설 차례상 물가 역대 최고치  또  경신   만   만원,Economic
13, 스트레스 높으면 붉은색  운전자 기분에 따라   조명이 바뀐다,Economic
14,세계 스마트폰  위 시장서 갤     난리  역대 최대 사전예약 성공,Economic
15,진양곤 회장      년 간암 치료제 시장점유율     매출  조 목표 ,Economic
16,곱창집서 하루 팔 분량 혼자 먹더니 히밥 곱창 제품도 나왔다,Economic
17,스튜디오삼익  공모가  만    원 확정 경쟁률    대  ,Economic
18, 아이 울음 어디가고  곡 소리만 늘어  매달  만 명 줄더니   만 명 사라져   저출생에 결혼까지  뚝   이러다간,Economic
19, 새해 첫 상장  우진엔텍   따따블  성공했다  증시이슈 ,Economic
20, 속보    대한통운 항소심도 패소  택배노조 단체교섭 거부 부당 ,Economic
21, 단독 롯데쇼핑  수원 영통에   층 시니어 레지던스 짓는다,Economic
22,수도권 부촌 관통하는 신분당선  수원 이목지구 지날까     디에트르  분양 소식 눈길,Economic
23,단통법 폐지되면 갤럭시     진짜  싸질까  반응은  글쎄 ,Economic
24, 김대호의 경제읽기  벼랑 끝 내몰린 건설업계 부도 분양보증 사고 급증,Economic
25, 카카오의   엔터 인수        년 자본시장 가장 뜨겁게 달군 이슈  넘버스 ,Economic
26,작년 폐기된 돈 얼마길래 쌓아보면  에베레스트산   배 ,Economic
27, 무등의 아침   강기정 시장  중앙공원  지구 선분양 입장 선회 치솟는 분양가는 결국 시민 부담 ,Economic
28, 자사주 취득 줄고  소각 늘고    셀트리온 취득  위  권영훈의 증시뉴스      ,Economic
29,내일부터 청년희망적금 청년도약계좌 연계가입  중도해지 해도 비과세 ,Economic
30, 발길이 떨어지질 않네   스타필드 수원    고객 잡을까 르포 ,Economic
31,스튜디오삼익  공모가  만    원 확정 희망밴드 상단 초과,Economic
32,셀트리온   기업과    신약 개발 협력 강화,Economic
33,쎌바이오텍  올해 대장암 치료제 임상 상     승인 목표 ,Economic
34,올해 첫 상장 우진엔텍  따따블      증권  연타석 흥행 기록,Economic
35,김주현도 증권사    에 쓴소리    위탁매매 부동산 중심 영업관행에서 벗어나야 ,Economic
36, 할인 불가 외담대 만기까지 늘려  태영 납품업체들  돈맥경화 ,Economic
37,소비 심리  낙관적   집값 더 떨어질 것 ,Economic
38, 소액생계비 받으러 갔다가 취업까지  금융 고용 복합지원 나선다,Economic
39,빕스  만    원 할인권      원에 판다    마켓  빕스 샐러드바 단독 특가,Economic
40, 실패하면 책임 물을 것  이복현 경고장에 증권사      초긴장 ,Economic
41,스튜디오삼익  공모가 상단 초과  만    원 확정   일부터 일반청약,Economic
42,   세권 에는 이유가 있다  다세권 아파트  흥행 ,Economic
43,기대인플레   개월 만에 최저     금리 하락  기대도 쑥 ,Economic
44,대한전선  해저케이블 사업 해외 생산공장 인수에  조원 투입,Economic
45,대출 고용 잇는다 서민금융 이용자   만명에 일자리 지원,Economic
46,금감원장     리스크 관리 실패 시 엄중 책임 물을 것 ,Economic
47, 단독    곳 중  곳 적자  부실채권율 은행의   배     등급 금고도 안심 못해,Economic
48,서민금융 이용자   만명에 일자리 연계  월부터 복합 지원 개시,Economic
49,서민금융 이용하고 일자리도 챙긴다    만명 고용연계 ,Economic
50,청년희망적금 만기 도약계좌 갈아타기 내일부터  신청 ,Economic
51,서민금융 대출시 일자리 상담까지  금융 고용 한꺼번에 지원 ,Economic
52,단통법 전    조  영업익  조 시대 저물 수도 ,Economic
53,광주 전남 건설업계 벼랑끝 위기  곳 또 법정관리,Economic
54,셀트리온  우시    와     신약 개발 맞손   개 품목      ,Economic
55,호화 이사회 논란에도 포스코     후추위   숏리스트  후보군 확정,Economic
56,넷플릭스 가입자 수 깜짝 증가에 영상 콘텐츠  강세  증시이슈 ,Economic
57,현대카드  가수 장범준 공연 티켓 전량    로 발행  암표없는 공연 만든다 ,Economic
58, 역대급  복합쇼핑몰이 온다 스타필드 수원   일 그랜드오픈 종합 ,Economic
59, 단독    억 분양 강남 집이 반지하였다    억 비싼  층 테라스에 무슨일이   부동산    ,Economic
60,경계현 사장  모든 곳에    근본 변화 대응에 최선 ,Economic
61, 가동할수록 손해  석유화학 불황에    공장 존재감 타격,Economic
62, 중대재해법      정부 중소기업계 유예 한목소리,Economic
63,분양가 계속 오른다   지금이  타이밍 ,Economic
64, 마켓      파산신청  남발에 멈춰선 코스닥 상장사 제도 악용하는 세력 등장,Economic
65,에코프로머티 바닥 찍고 반등하나  거래일 만에 상승세,Economic
66,     초대형 컨테이너선  가닛호  명명식 다음달 미 항로 투입,Economic
67,토스뱅크 외화통장  출시  일 만에   만 좌 돌파,Economic
68,      만       급 컨선      가닛호  명명식,Economic
69,이복현 금감원장  새 살 돋으려면 굳은살 벗겨야 ,Economic
70,전체 교통요금은 올리고 일부 사용자만 환급   이미연의 발로 뛰는 부동산 ,Economic
71, 줄파산  악몽이 또 하도급 업체  돈 못 받았다  태영건설  후폭풍 ,Economic
72,     차   인터넷은행    조원 전세대출 대환서 시중은행과 한판승부,Economic
73,공정위  플랫폼 독과점시 경쟁질서 회복 불가능 국내기업 역차별  거짓뉴스 ,Economic
74,저축은행 연체채권 매각채널 확대  연체율 관리 개선 ,Economic
75,이복현  부동산    굳은살 벗겨내야  건설 금융사 노이즈 감내 ,Economic
76,검찰   흉기로 아내 살해   대 징역   년 너무 가볍다  항소,Economic
77,디파이      달새         억 달러도  터치 ,Economic
78,판매 부진 제네시스  해외 브랜드 맞설 전기차 출시는 언제 ,Economic
79,카카오톡  대리인 지정  추모 프로필   고인 대화 내용은 비공개 ,Economic
80,불타고 썩은 화폐    조 원 롯데월드타워    배,Economic
81,이베이  직원      명 감원 소식에 시간외 급등,Economic
82,제테마 필러 수출  톡신시판 덕 매출 급성장세,Economic
83,흑자전환  이그니스   코스닥 상장 추진 하나증권 주관사 선정,Economic
84, 단독 조산화아연 제조  황조  매물로   마켓워치 ,Economic
85,현대위아  지난해 유럽 북미 업체   조원  규모 등속조인트 공급계약,Economic
86,역시 답은      경쟁력       분기 만에  적자 늪  탈출,Economic
87,반도체 장비주 신고가 축포 속 증권가      관련주 옥석 가려야,Economic
88,    글로벌 항암신약  봄을 기다린다 ,Economic
89,기관  이차전지에 울고   에 웃고,Economic
90,청년희망적금 청년도약계좌 연계 가입 내일부터 접수,Economic
91,증권사    에 목소리 높인 이복현 금감원장    리스크 관리 실패하면 책임 묻겠다 ,Economic
92, 피곤할 때 한잔  마셨더니 불면증 시작   숙면 위해선 피해야할  음료 ,Economic
93,태영건설 워크아웃 후 하도급 피해   곳서 대금미지급 발생,Economic
94,지난해 폐기된 화폐 쌓으면 에베레스트산   배,Economic
95, 잠만 자도    만원 준대    만명 몰린  겨울잠  꿀알바,Economic
96, 일     시간  잔업 도 합법이 된 세상  아카이브 ,Economic
97,봄 오기   움직여야 할 때  영통역자이 프라시엘    일부터 당첨자 계약 관심,Economic
98,이경규 장도연  출연료 미지급  기획사 대표 횡령 혐의로 집유,Economic
99,아캄      현물     온체인 주소 공개,Economic
100, 단독 저출생에 집  만개 준다던 정부  달랑     만 지급  인구전략 ,Economic
101,엔케이맥스  회사 내부적 주가 급락 사유 없어  악성 루머에 대응 ,Economic
102,명품 플랫폼  쿠팡 쓱을 막아라   새 전략  짜기 안간힘,Economic
103,키움운용          반도체      연초 수익률  위,Economic
104,  디스플레이 유상증자 단행    차 발행가액  만  원,Economic
105,금융당국 수장들 증권사 질타     관리 실패시 책임 묻겠다  종합 보 ,Economic
106,한올바이오파마  작년 매출  천   억  년 연속 최대,Economic
107, 뉴스  뉴스     월의 월급 최대로   실수 없이 챙기는 연말정산 비책은 ,Economic
108,상장사 지난해 자사주    조원 태웠다 신한지주 현대차 최대,Economic
109,내일부터 청년희망적금 청년도약계좌 연계 가입 신청,Economic
110,주식 매집 후  매수하라  의견 부당이득 증권사 직원  실형에 항소,Economic
111, 거래 절벽  만  천여 개 공인중개사 문 닫아 ,Economic
112,  월 출생아 연중 최저치 기록   인구감소 만  년 넘어,Economic
113,공정위  플랫폼법 국내기업 역차별은 오해 독점화 막으려면 대응 필요 ,Economic
114,  월 출생아 또 역대 최저   인구   개월째 자연감소,Economic
115, 일문일답 공정위  플랫폼법   사전규제  아냐 국내외 구분 안해 ,Economic
116,저축은행 연체율 우려에 개인사업자 연체채권  캠코에 팔 수 있다,Economic
117,셀트리온  중국 우시 와 신약개발과 위탁생산 협약 체결,Economic
118,올해 설 차례상 비용  역대 최고  전통시장   만 원,Economic
119, 로봇청소기 식기세척기 의류건조기   대 가사 해방 가전 급성장,Economic
120, 강달러  속 당국 개입 경계 장중 환율      원대 저항 외환분석 ,Economic
121,오상기 현대바이오 대표  다음 달 긴급사용승인 윤곽 나올 것 ,Economic
122,코스피 코스닥  약보합세 포스코인터내셔널    ,Economic
123,  조원 기부왕  회장님의 불편한 진실 결국 전직원  해고 ,Economic
124,공유 이효리도  엄빠  공감 노린 키즈광고 못 이겼다,Economic
125,소비심리 회복세  집값 더 떨어질 것 ,Economic
126,엔케이맥스  내부 주가 급락 사유 없다 ,Economic
127,  조 나트륨이온배터리 시장 열린다     보다     저렴 ,Economic
128, 역대급  초대형 쇼핑몰 스타필드 수원    일 정식 개장,Economic
129,   억원대 유전성 망막위축 치료제 급여화  환자부담     만원으로   ,Economic
130,한 단계 진화한  스타필드 수원  오는   일 개장,Economic
131,수원에 스타필드         의 신세계  연다,Economic
132,   저축은행 연체율 비상 부살채권 매각채널 확대한다,Economic
133,한올바이오파마  지난해 매출     억  영업익   억 기록,Economic
134,작년 손상화폐  조    억원 폐기 롯데월드타워    배 높이,Economic
135,땅에 묻어놨던     만원어치 지폐  은행 가져갔더니   강진규의    워치 ,Economic
136, 불에 타고 물에 불어  지난해 버려진 화폐만  조원,Economic
137,수원에 고소득    직장인들 많다더니  정용진 야심작  떴다  영상 ,Economic
138,  월 출생아 수  사상 처음  만  천 명대로 추락,Economic
139,홍콩 항셍지수      상승세 마윈  알리바바 주식 매입 호재,Economic
140,    만 고객 시간 점유할 것  스타필드 수원  그랜드 오픈,Economic
141,   대  저축은행 연체율에  당국  매각채널 늘리고 채무조정 활성화 ,Economic
142,저축은행 부실채권 시장 매각 허용    옥석가리기 속도낸다,Economic
143, 단독  이우현     회장  한미약품 원하면 언제든 대화   동남아 시장 염두,Economic
144, 아기 울음소리 뚝    월 출생아 수  첫    만명대 역대 최저,Economic
145, 어음 발행 임금체불  태영 하도급   개 현장서 직간접 피해,Economic
146,더 가팔라지는  인구절벽   개월째 출생아  만명대  뚝 ,Economic
147,저축은행 개인사업자 연체채권 매각  캠코     전문사로 확대,Economic
148,다음달부터 자영업자 연체채권  캠코에 팔 수 있다,Economic
149,    배 줌 으로 놀래킨 갤럭시 조성대 부사장  갤    카메라     집결체 ,Economic
150,   년생   만원권 수명 다해가나 지난해 손상화폐       급증,Economic
151,성수 홍대 비켜 정용진 신년 첫 야심작  스타필드 수원      만명 꽉 잡는다,Economic
152,땅값 상승률   년 이후 최저    반도체 호재  용인 처인구 만 급등,Economic
153,  월 출생아 수 또  같은 달 기준 역대 최저  사망자 수는  ,Economic
154, 억원대 유전성 망막위축 치료제 럭스터나  건강보험 적용,Economic
155,지난해 폐기된 화폐 쌓으면 에베레스트산   배,Economic
156,지난해 손상 화폐  억  천만 장 폐기 에베레스트 높이   배,Economic
157,저축은행 개인사업자 연체채권  캠코    투자사에도 매각한다,Economic
158, 역대급  초대형 쇼핑몰이 온다 스타필드 수원   일 그랜드오픈,Economic
159,저축은행 연체채권 캠코로 매각 가능 저축은행 한숨돌리나,Economic
160, 단독 이우현     회장  한미약품과    는 통합 아닌 협력 모델 ,Economic
161,신세계도  참전  유통가 최대 격전지  경기 남부 ,Economic
162,인구   개월째 줄었다   월 출생아  만 천명 대  역대 최저 ,Economic
163,    억     만원  내달부터 약값 확 싸지는  가지 신약 무엇 ,Economic
164,땅에서 썩고  불타고 작년 폐기화폐  롯데타워    배 높이 ,Economic
165, 개월 이상 연락두절된 자영업자 부실채권  민간 매각 허용,Economic
166,  개발 나트륨배터리  게임체인저 되나     보다 최대     저렴 ,Economic
167, 최적의 입지  시흥시청역 여의도 판교 김포공항 연결하는 트리플 역세권,Economic
168,갤럭시 차기         성능 관심  나노  세대  출격  기대감,Economic
169,증권사     만난 이복현     리스크 관리 실패시 책임 묻겠다  종합 ,Economic
170,중국선 아이폰 사랑 식고 전 세계선  중고폰  강세,Economic
171,현대차그룹 내 존재감 약해지는 현대제철 서강현 미션은 ,Economic
172,민생 외치더니 국회는 정쟁  정부는 방기   중기인 범법자 양산할 판 ,Economic
173,챗   의 러브콜      수율     삼성  투자 ,Economic
174, 신년 기획  축구장    개 크기 초대형 합작조선소        완공땐     척 선박 생산,Economic
175, 신년기획 사막 위에 강철 기자재 공장  한국  중동 탈석유 기반 다진다,Economic
176,한국이 뿌린 제조업 씨앗  사우디  흥분 감출 수 없어   한 중동  석유없는 미래  준비한다 ,Economic
177, 일 남은 중처법  국회  끝내 손놓나,Economic
178,공급 가뭄에 신축 이전 수요 탄탄  공주월송지구 경남아너스빌  이목 집중,Economic
179,홍해 긴장에  중동 에너지  로 운반  하루 운임      급등,Economic
180,토스뱅크 외화통장  출시  일 만에    만좌  돌파,Economic
181,태영    사업장에     억원 추가투입  암초   숨겨진 부실 드러날까,Economic
182,증권사 수장들 만난 이복현 금감원장  부실   사업장 신속 과감한 정리를 ,Economic
183,소비심리지수           개월 만에  낙관 우세 로 전환,Economic
184, 단독  신협  또 조합 돈  천만 원  꿀꺽 ,Economic
185, 급전창구  부담 커지네 보험사 신용대출 금리도  껑충 ,Economic
186,정부  중대재해법 유예 거듭 요청  기업들 준비 기회 달라  종합 ,Economic
187,조선  빅  는 이제 옛말    한국조선해양  연초부터 수주 독주,Economic
188,미 영 예멘 공습 이후 중동 아시아 연료 운송비      폭증,Economic
189,현대건설     년 영업이익     억원 전년         ,Economic
190,   에 영화기금 부과금 검토   재검토 지시에 협의  난망  종합 ,Economic
191,내일부터 청년희망적금 청년도약계좌 연계가입 신청 개시,Economic
192,증권사     소집한 김주현 이복현  리스크 관리 실패    에 책임 ,Economic
193, 월 이후 입국 외국인   개월 이상 체류해야 건강보험 혜택,Economic
194,영세기업 곡소리 전면화 앞둔 중처법  막판 유예 촉구,Economic
195,비수도권 청약경쟁률         단지 공통점  직주근접 ,Economic
196,이벤트 부재 속 금리 인하 재평가 구간 지속 채권분석 ,Economic
197,내일부터  청년도약계좌  연계가입 시작  일시납입 가능 ,Economic
198,정말  부양책  나올까 홍콩증시 연이틀 급등세      오전 ,Economic
199, 감세  또 감세 에   재정 악화할 뿐    성장 위해 필수  논란,Economic
200, 올라도 너무 올라  올해 설 비용  역대 최고  전통시장   만원,Economic
201,넷피아  구글 애플에 자사 검색엔진 탑재 요청,Economic
202, 실적 악화 호화 의전  위기의 포스코  오늘 차기 회장후보 쇼트리스트 확정,Economic
203,롯데월드타워 몰  지난해     만명 찾았다  역대 최다 ,Economic
204, 고물가  끝날까   년 후 물가전망   개월 만에 최저,Economic
205, 평생 수수료 무료  토스뱅크 외화통장  출시  일 만   만 좌 돌파,Economic
206, 별 보러 가자   아    들  괴롭힘 성희롱 난무 삼바 고용부 적발,Economic
207,금융위  내일부터  청년도약계좌  연계 가입 신청 개시,Economic
208,코스피  외인 기관  팔자  속 하락세 실적 발표 앞 경계감,Economic
209,경영 불확실성에 대기업들 잇달아 사장단 회의 개최,Economic
210,제일건설   제일풍경채 검단  차  전 타입   대  로  순위 마감,Economic
211, 짝퉁 명품  당장 버리세요  발암물질 최대    배 검출 ,Economic
212,올트먼 만나는 경계현 사장    발 근본적 변화 삼성 반도체로 충족 ,Economic
213,온라인 자동차 판매 시작한 아마존 성공  실패 ,Economic
214, 값 역대 최고  더 오른다  금테크 잘하려면,Economic
215,공정위  플랫폼법  역차별 은 거짓뉴스 정부안 상당히 진전 ,Economic
216,카카오  추모 프로필  기능 강화 카톡에 마지막 편지 남긴다,Economic
217, 마켓인  노선 강화  에어프레미아   파트너스  자금 투입 카드 만지작,Economic
218,코스피  외인 기관  팔자 에 하락 대형   반도체주  와르르 ,Economic
219,김주현 이복현  증권사 역할 강조     부실    에 책임 묻겠다 ,Economic
220,현대건설  국내 부동산 암흑기  매출보다 빛난 수주 ,Economic
221,작년 미국 노조원 비율      턱걸이      년 이후 최저 경신,Economic
222,태영건설 워크아웃 신청 후   곳 피해     발주자가 대금 직접 줘야 ,Economic
223, 사채라도 써야할 판   금융권 대출  빙하기 ,Economic
224, 년만에 풀체인지   클래스   벤츠       딱 기다려  ,Economic
225,강인한 앞모습  단단한 승차감에 끌리다  김성우의 시승기 기아 더 뉴 쏘렌토 ,Economic
226,마트 단팥빵  앙금 비중 알아봤더니 최강자는   푸드    ,Economic
227,소액대출에 미래 저당잡힌 청년들  이슈 뷰 ,Economic
228,이수만씨가 투자한 파블로항공 상장앞두고 소송잡음,Economic
229, 대한민국 국민이 한번 이상 방문한 이 곳은  ,Economic
230,수술 회복     기 체제  맞는 삼성 준감위 과제는,Economic
231,김주현 이복현  증권사 영업행태 질타     리스크 챙겨라 ,Economic
232,암표 없앤다 장범준 공연에     티켓 등장,Economic
233,강북 재개발 대어급  이문 구역   월 관리처분 눈앞,Economic
234,강남불패마저 깨졌다   하락 거래 속출,Economic
235,첫 단추부터 잘못 끼워진 사전청약  박일한의   피아 ,Economic
236,  억 트리마제   억     만원 에 매입한 김지훈  비결은,Economic
237,친구에게 가장 많이 주는 선물은 화장품 직장동료 연인에게는 ,Economic
238, 낙폭 과다  삼성전자 순매수  위  주식 초고수는 지금 ,Economic
239,시급    만원  겨울잠 알바 에  만명 몰렸다,Economic
240,수출효자 샤인머스캣  종주국   넘는다,Economic
241,공정위  플랫폼법 역차별 우려는 가짜뉴스   제정 못하면  역사의 죄인  ,Economic
242,  엔비디아  모색하는 오픈   올트먼 삼성   와   반도체 손잡나,Economic
243,농협중앙회장 선거      직선제   강 각축전,Economic
244,카카오   추모 프로필  기능 강화 카톡으로 마지막 편지 남긴다,Economic
245, 술 아껴 마셔야 하나  마트서 맥주      올랐는데 식당서는             이후 최고,Economic
246,  년 만에 외국인 전용 카지노 인천 인스파이어에 문 연다,Economic
247,  디스플레이   분기만에 흑자 전환,Economic
248,이복현 금감원장  증권사  리스크 관리의 기본을 잊지 말아야 ,Economic
249,  초에   개 팔렸다  신라면 지난해 매출    조  사상 최대 ,Economic
250,롯데월드타워 몰 방문객 지난해     만명 역대 최다,Economic
251,상장 앞둔 케이웨더   공기지능 환기청정기  아파트 만세대 규모 수주  투자    ,Economic
252, 이승원의 기후             트럼프가 온다  지구는 두렵다 ,Economic
253,이복현     리스크 관리 실패 책임 엄중히 묻겠다  연일 압박,Economic
254, 준비 기회 달라  중대재해법 유예 호소 나선 장관들,Economic
255, 중처법      오영주  범법자 양산 가능성  김기문  극적 합의 기대 ,Economic
256,셀트리온      신약개발 속도 낸다,Economic
257, 초호화 이사회 로 수사 대상된 포스코 후추위   내 갈길 간다    일 숏리스트 확정,Economic
258,     초과  중대형 경쟁률   대  전년     배 올라,Economic
259,태영건설 워크아웃 여파  하청업체 현장     직간접 피해 발생,Economic
260,부양 기대감 먹혔나  중국 증시 상승세  지수   대 ,Economic
261, 과일  채소 안 오른 게 없네  설 차례상 비용도  역대 최고 ,Economic
262,전국 땅값 주춤했지만 반세권은  들썩 ,Economic
263,시몬스   시급    만원  수면 패턴 진단 아르바이트에  만명 몰려,Economic
264,농심  신라면   지난해 매출  조     억원 기록,Economic
265, 아이폰 고마워  엘지디스플레이   분기 만에 흑자전환,Economic
266,코스닥  외국인 기간 매도 속 약세    선 턱걸이,Economic
267,     세종역 신설은 균형발전 저해  충북 이어 충남서도 비판,Economic
268,김주현 이복현  금투업계  증시 저평가 해소 신뢰 회복 위해 노력해야  종합 ,Economic
269,테슬라보다    가 먼저  키       인간형 로봇  공장 투입,Economic
270, 헤럴드광장  반복되는 부동산    부실  무엇이 문제일까 ,Economic
271, 셀아시아  찬바람에 환율 고공행진,Economic
272,열에 아홉은 뉴욕장   해외주식  미국 편식  역대 최대  글로벌 머니 무브 ,Economic
273,  대선 트럼프 우세 삼성   하닉 달갑지 않은 이유는 ,Economic
274,     일 만에 또 도발   서해 순항미사일 여러 발 발사  권영훈의 증시뉴스      ,Economic
275, 제주도  만원 일본  만원  할인 항공권 쏟아진다,Economic
276,나주혁신도시 오피스텔    채로 갭투자 전세 사기,Economic
277,카타르 도하서 선보인 한국정원 인기 현지인 관광객 탄성,Economic
278,이차전지주 올들어 시총     증발,Economic
279,대한항공 아시아나 합병 윤곽  산은  일석이조  기대감,Economic
280, 못 갚으면 주변에 공개  청년 옥죄는     사채업자들  미래를 저당잡힌 청년들  상  ,Economic
281, 년 만에 늘어난 채무불이행자   대 청년 가파른 상승세 뚜렷  미래를 저당잡힌 청년들  상  ,Economic
282,거꾸로 가는 카드론 금리   은행 대출금리 하락에도 역행하는 까닭,Economic
283,금융당국  증권사 사장단 향해 엄중 경고  리스크 관리 실패      책임 ,Economic
284,   년 기술 노하우  현대위아  등속 조인트 해외 수주  잭팟 ,Economic
285, 임차인 보호  근본 대책은 정보 비대칭 문제 해결 ,Economic
286, 워크아웃  태영 하도급 피해 현실화 현장   곳서 직간접 피해,Economic
287, 구글    네이버 카카오 배민  독점   플랫폼법 놓치면 역사의 죄인 ,Economic
288, 부채 덩어리  한전  임직원에 삥 뜯어 퇴직위로금 마련    그럼에도 올해    명 채용  강홍민의 끝까지 간다 ,Economic
289,      만       급 컨테이너선      가닛호  명명식 개최,Economic
290,키움운용         글로벌  반도체      연초 수익률  위,Economic
291, 반도체의 힘    용인 처인구 땅값 상승률  위,Economic
292,오징어게임 최후의  인 돼 볼까  넷플릭스 출연 기회도,Economic
293,    초대형 컨테이너선  가닛호  명명식  남산타워보다 높다 ,Economic
294,허경영도  문어발 경영   불로유 논란에도 음료 주류사업 나선다,Economic
295,한파 뚫는 내집마련 열기   영통역자이 프라시엘    일 당첨자 계약 돌입,Economic
296,공정위  플랫폼법 합의  오래 안 걸릴 것 일각서 법안 오해 ,Economic
297,주인 바뀐 남양유업 홍원식 회장 지우기  사명 변경  가능성은    초점 ,Economic
298,해외서도 통한 불나게 매운 맛    불닭 신화 로 매출  조 클럽 눈 앞 지구촌 식탁 파고드는  푸드 ,Economic
299,     만 천   급 컨테이너선  가닛호  명명식 내달  항로 투입,Economic
300,짜장면 값도  배 가까이 뛰었는데 작년 전국 땅값   년 만에 최저 변동률  부동산    ,Economic
301,신라면   초에   개씩 팔렸다 지난해    조원 매출  역대 최대 ,Economic
302, 빙하기 지속  글로벌 벤처투자 작년 투자규모도 건수도  최저치 ,Economic
303,삼성     최적화     출시  낸드의 봄  앞당긴다,Economic
304,약물 취해 인도 돌진  압구정 롤스로이스    대   심 징역   년,Economic
305,찜질방 목욕탕 요금        올라 목욕료 외환위기후 최대 상승,Economic
306,경기 분양가  년새   억  껑충  너무 비싸  그래도 인기 단지엔 몰렸다,Economic
307,  시간 잠만 자면    만원 드려요     만명 몰린  꿀알바 의 정체,Economic
308,로이터  이코노미스트         월에 미 금리 인하 시작 ,Economic
309,컬리까지     재추진 가능성  올해  조 단위  상장사 쏟아지나,Economic
310,이마트  오렌지 한라봉 딸기 최대     싸게 판매,Economic
311, 아파트 사면 와이프 공짜로 드림   폭망  위기  회사 엽기광고,Economic
312,청년도약계좌 중도 해지해도      이자 받는다,Economic
313,새해 치고 올라가는   반도체        수익률     넘어,Economic
314, 주가동향  포스코인터내셔널  첫 영업익  조 돌파 소식에    강세,Economic
315,포스코홀딩스   년 만에 역성장 매출   조 꿈  내년에나 ,Economic
316,여야 원내대표 찾은 김기문  중대재해법 유예 극적 통과되길 ,Economic
317, 주일간     오른 게임 대장주 크래프톤 상승세 이어질까,Economic
318,비트코인  만    달러 붕괴 투자자      몇년 내 사라질것 ,Economic
319, 분양가상한제  단지만 인기  제일풍경채 검단 차      대  ,Economic
320,설 차례상 비용 전통시장   만원 대형마트   만원  역대 최고 ,Economic
321, 재택근무자부터 자른다        명 감원한다는 간 큰 회사의 공고,Economic
322, 후쿠시마 오염수 때문에       중국서         매출     급감,Economic
323, 금융권 대출도  한파  새마을금고 여신 최대 폭 감소,Economic
324,보령 당뇨약  트루다파  제품군  후발약 시장 처방실적  위 기록,Economic
325,이복현  부동산    리스크 관리 실패한 증권사에 책임 묻겠다 ,Economic
326, 갈아탈 만하네  주담대 환승에 이자     만원  뚝 ,Economic
327, 신난 일학개미들    반도체     역대급 랠리,Economic
328, 이코노미스트         월에 미 금리 인하 시작 ,Economic
329,올해 첫 공모주 우진엔텍  코스닥 입성 첫날  따따블 ,Economic
330, 운전하다 속 터졌는데  진작 좀 해주지  벤츠 차주들  술렁 ,Economic
331, 오뚜기  세  함연지 공식 등판    식품전시회서 목격,Economic
332,연료비 급등에 찜질방 목욕탕 이용료      ,Economic
333,엔데믹에 날개 달은      올해는 장거리 노선으로 ,Economic
334,샌드위치 먹으면 갤    준다고   행운의 망곰이 잡아라 ,Economic
335,사과  개에  만    원 설 차례상 비용 역대 최고,Economic
336,아시아 경기 부진에 뛰는 환율 중국에 발목 잡힌 경제,Economic
337,  디스플레이 유상증자  차 발행가액  만  원,Economic
338, 한국형 뉴 스페이스  가동 한화시스템 소형     위성 우주로,Economic
339,금감원장     리스크 관리 실패  경영진 엄중 책임 물을 것 ,Economic
340,   만원대 고가 홍삼   부촌  평창동 한남동에서 인기,Economic
341,미국 호주 베트남에도     농심 신라면 매출  사상 최대 ,Economic
342, 단독  코스알엑스 인수 효과  아모레  모건스탠리    소비주 탑픽 ,Economic
343,김주현  기업가치 개선 주문  기업밸류업 프로그램 도입 ,Economic
344,급락 멈춘 비트코인 매물폭탄은 아직 남아있다  매일코인 ,Economic
345,암표에 취소됐던 장범준 공연  꼼수 원천차단  티켓으로 다시 연다,Economic
346,원자재 투자     그 중에서도 현물로 모이는 까닭은,Economic
347, 영하   도 한파에도 대기줄   아침빵  점심도 저녁도  베이글 ,Economic
348,올 것이 왔다  워크아웃 태영    개 하도급에 대금 미지급 등 피해,Economic
349,토스뱅크 외화통장   만좌 돌파   초에  명씩 가입 ,Economic
350,위험 눈감은 새마을금고 경영진들 남들 멈출 때   대출 역주행  패착 ,Economic
351,코리아 프리미엄 지수 만든다 기업가치 높은 밸류업기업에 집중 투자,Economic
352,시중은행 경영 효율성 살펴보니 하나      우리  저조 ,Economic
353,부산 북항재개발지 내 이순신대로   일 개통,Economic
354,비트코인      이상  폭락  현물     승인에도 연일 하락세  왜 ,Economic
355,한미약품 전략  기술수출 자체 상용화로 바뀔까,Economic
356, 침수 위험 도로입니다   내비에 이런 기능까지 ,Economic
357,맥 목추는  차전지주  에코프로  형제  장초반 급락 핫종목 ,Economic
358,그레이스케일 매도세에 하락세 탄 비트코인   만달러선 반납 코인브리핑 ,Economic
359, 급락 급등 급락  롤러코스터 탄  한동훈 테마주  핫종목 ,Economic
360,차례상 비용 역대 최고치 전통시장   만원 대형마트   만원,Economic
361,농심 신라면    푸드 열풍 에  년 연속 매출  조 달성   사상 최대 실적 ,Economic
362,셀트리온    우시   와 항체 약물접합체 신약 개발 협약,Economic
363,하나증권  제이스텍  인도향  조원대 대규모 수주기대  저평가 매력  ,Economic
364,증권사     만난 금융당국 수장들     리스크 관리 실패시 엄중 책임 ,Economic
365,  초에  명 씩 가입 토스뱅크 외화통장    만좌 돌파,Economic
366,과기정통부   전국민    일상화  선언     매주  곳 이상 방문 ,Economic
367,철강시황 부진 탓에 포스코홀딩스 작년 영업익  조 천억원 전년 대비    감소,Economic
368, 단독  다단계 의심 업체에 결제 시스템  구멍  뚫린 토스페이먼츠,Economic
369,노동 중기 국토장관  중대재해법 유예안 통과 촉구  오늘이 마지막 기회 ,Economic
370, 주가동향  이베스트증권     억 규모 자사주 매입에    상승,Economic
371,고가 법인차   연두색 번호판  달아야 손금 처리 해준다,Economic
372, 주가동향  현대건설  증권가 목표가 줄하향 속   대 약세,Economic
373,이복현 증권사    에     리스크 관리 실패 시 책임하게 엄중히 묻겠다 ,Economic
374,미국 대선 경합주 절반 실업률    이상  년 만에 최고,Economic
375,  인 미만 중대재해법     김기문 중기회장  여야 만나 유예 호소,Economic
376, 쫌아는기자들  시마크로  제조업의 영화 같은 변화를 만들어 낼  디지털 트윈 솔루션,Economic
377,채용 봇물 터지던  이 업계    최근 인력감축에 한숨 푹,Economic
378,중처법    인 미만  확대 시행     정부의  마지막 호소 ,Economic
379,고용장관  중처법 확대     만 일자리 피해  산안청 신설은 거부,Economic
380,토스뱅크  무료환전  외화통장  일 만에   만좌 돌파,Economic
381,셀트리온  중국 우시   와     신약 개발 협력,Economic
382, 단독  류진  한경협에      에코프로  첫 합류 외연 확장 시동,Economic
383,  초에   개씩 팔린다  신라면   년 연속 매출  조원 돌파,Economic
384, 깜짝 실적  거둔 넷플릭스  라이브 스트리밍으로 발 넓힌다 종합 ,Economic
385, 우리 국민 한번씩은 다녀갔다 는 롯데월드타워 몰 작년     만명이 찾았다,Economic
386, 종목이슈  일동제약  상향된    실적 예상치와 경구용       가치 주목,Economic
387, 실패하면 책임 묻겠다  증권사 사장들 다그친 이복현  금융당국 포커스 ,Economic
388,삼성전자  소비자용               출시 낸드 부활 앞당긴다,Economic
389,도요타 시가총액  기업 중 사상 최대,Economic
390,카카오    수사 넓히는 당국 원아시아  명 검찰 송치,Economic
391,넷플릭스   분기 구독자 수  억    만명 전분기      만명 ,Economic
392, 옷 좀 새로 사   이게 트렌드야  낡고 구멍 난 옷 사는 사람들,Economic
393,     직장인  출퇴근 스트레스 해법은  자율출퇴근제 ,Economic
394, 보험 상담은 역시 사람이    보험비교 추천서비스  등장했지만 설계사들 느긋한 이유,Economic
395,값싼 나트륨이온배터리      제치나      년엔 시장 규모   조 ,Economic
396,코스피  기관 외국인 매도 공세에 장중 약세,Economic
397,  대 직원 극단선택 그 회사  빡대가리들  막말 성희롱이 일상이었다,Economic
398, 외국인 전용 카지노  인천에 들어선다  정부    년 만에  인스파이어 에 신규 허가,Economic
399,마윈 차이충신  알리바바 주식 매입 나서 주가 구원투수로,Economic
400,중처법 전면 시행     정부  영세 사업장 준비 기회 달라 ,Economic
401,박상우 장관  임기내 재건축 패러다임 새로 짜겠다 ,Economic
402, 그 때 팔았어야        승인 후 비트코인     이상 급락,Economic
403,미신고 계좌로 주식투자한 금감원 거래소 직원   무더기 과태료 처분,Economic
404,김해공항 신규 면세점 입찰  흥행 저조   설명회에 단  곳 참여  언박싱 ,Economic
405,김주현 이복현  증권사 책임 역할 강조  강도 높은 자정 노력 필요 ,Economic
406, 중대재해법 확대 시행시 동네 빵집도 적용대상 ,Economic
407,키움운용   반도체     올 수익률  위,Economic
408,이차전지  날개 없는 추락  올 들어 시총     증발  투자    ,Economic
409, 금딸기 대신 이거  비싼 과일 값에  인기 폭발  반전 제품,Economic
410, 푸바오 이젠 안녕   살 푸바오  월 초 중국 귀환,Economic
411,  증시 부양책 나와도  투자자  회의적  근본적 해법 요구 ,Economic
412,한국서  시간 머무는 올트먼 최태원 경계현과 숨가쁜 일정,Economic
413,청약증거금  조 천억 끌어모았던 이 종목 상장 첫날 따따블 직행,Economic
414,나트륨이온배터리      배터리 제치고  중저가 대세  될까    리서치      년 시장 규모   조원 육박 ,Economic
415,세계가 매운 맛 봤다 작년에만  천억원  깜짝 ,Economic
416,비트코인      만원 회복 레이어 코인  형제는     급등,Economic
417,검단 교통 호재 수혜  검단신도시 넥스티엘 복합문화상업시설  공급,Economic
418,  시간 자면    만원 드려요  경쟁률  만대   꿀알바 ,Economic
419,단통법 폐지 추진하지만 갤    등 휴대폰 가격 인하까지는  첩첩산중 ,Economic
420,증권사     만난 이복현     리스크 관리 실패시 엄중한 책임 ,Economic
421,   억  성수 트리마제  억 천에 산 김지훈    인생 최고의 투자 ,Economic
422,시몬스  시급    만원  당근알바 시몬스 겨울잠 알바 에  만명 몰렸다,Economic
423, 나트륨이온 배터리      년    보다 최대     저렴해질 것 ,Economic
424,거래소  코리아 프리미엄 지수  만든다  투자    ,Economic
425,이복현  증권사 직원 사익추구  단호히 대응해야  전문 ,Economic
426,          그룹 합류한 이베스트투자증권  자사주 취득에 강세,Economic
427,광주 전남 건설업계 위기 확산  곳 또 법정관리,Economic
428,여야 원내대표 만난 김기문  중대재해법 유예해야  호소,Economic
429,이복현  리스크 관리 실패  증권사 경영진에 책임 묻겠다 ,Economic
430,김주현  금투세 폐지  지배구조 개선해 국민 자산형성 지원 ,Economic
431,김주현 이복현 간담회     부실 증권사     책임 묻겠다 ,Economic
432,금융당국 수장들  증권사  단기 수익에 매몰되지 말아야 ,Economic
433,  년 전 쓰레기 종량제 도입이 다시 봐도 신기한 이유 딥다이브 ,Economic
434,상사 최초   조 클럽  등극 포스코인터내셔널    대 ,Economic
435, 증권채만 비켜간 연초효과     중소형 증권사는 건설사 취급,Economic
436,푸드 브랜드  이그니스   코스닥 상장 추진  시그널 ,Economic
437,이복현  증권사    에  리스크관리  직접 챙겨달라  주문,Economic
438,이복현의 경고   부동산   리스크 증권사    가 직접 챙겨라 ,Economic
439,김주현  증시 저평가 해소 위해선 기업 스스로 해결할 과제 상당수 ,Economic
440, 르포   공실률      핫 한 기업 몰리는 성수동  불황  잊었다,Economic
441,콘서트 암표 기승에  현대카드  장범준과    티켓 내놓는다,Economic
442,서울 한 뼘  마포구 덕은동  덕은지구 오피스 시장  재조명 ,Economic
443,계속되는 분양가 상승  금융혜택 제공으로 부담 없는 새 아파트 눈길,Economic
444,소프트웨어업체      직원  천명  퇴직 재교육  구조조정,Economic
445,직접 검증하는 준공 후 분양단지  에스아이팰리스 올림픽공원  관심,Economic
446,      개 분기 만에  적자 탈출        중심으로 수익성 강화 ,Economic
447,미 훈풍 무색한 국내 반도체주 삼성전자 장초반    급락 핫종목 ,Economic
448, 한국서 코인 좀 대신 사줘  미국인이 부탁했다  한경 코알라 ,Economic
449,    당  억 훌쩍  포제스 한강    일  순위 청약,Economic
450,  디스플레이   분기만의 흑자 전환에도 주가 혼조세,Economic
451, 호주는 아침  시부터  대형마트 영업시간 조정  가능할까  언박싱 ,Economic
452,열에 아홉은 뉴욕장 해외 주식    편식 비중  역대 최대  왜   투자    ,Economic
453,시몬스 침대  시급    만 원  겨울잠 알바 에  만명 몰렸다,Economic
454,농심신라면  작년매출  조 천억원  사상최대  해외가 절반 넘어,Economic
455, 공모주 단골 청약 매매 보고 누락  금감원 거래소 직원 무더기 제재,Economic
456,토스뱅크  외화통장 불티   환전수수료 무료 앞세워  일 만에   만좌 돌파 ,Economic
457,   증시 최대     폭락 가능성    조심해야 할  가지 리스크,Economic
458, 명품  귀걸이인 줄 알았더니 발암 물질    배 검출,Economic
459,대한항공 아시아나 합병 윤곽  산은  일석이조  기대감  투자    ,Economic
460,경기  국평  분양가  년새  억 뛰었다 광주는     상승 집슐랭 ,Economic
461, 올레드에만     투입    디스플레이  유상증자로 경쟁력 강화,Economic
462,  온 적자 지속에   이노 기업가치 뚝,Economic
463,골드만삭스   증시 최악 땐 외국인투자금     억  유출 ,Economic
464,중화권 시가총액   년간   천조원 증발  영국      배,Economic
465,코스피  외인 기관  팔자  속 하락세      대 종합 ,Economic
466,     피엠티와 낸드     프로브 카드 마스크리스 공정 장비 계약,Economic
467,피부에 직접 닿는데   샤넬 디올 구찌  짝퉁 귀걸이 에 발암물질이 ,Economic
468,대세는   반도체    글로벌  반도체      연초 이후 수익률  위  투자    ,Economic
469, 뺏느냐 뺏기느냐  김포공항 출국장 면세점서 롯데 신라  격돌 ,Economic
470,   만화 웹툰  진흥 계획 발표에 웹툰 관련  급등 핫종목 ,Economic
471,엔씨소프트 목표가 후려친 키움 리폿  전략 다 바꿔라 ,Economic
472,한파에 생각나는 찜질방 목욕탕 요금     뛰었다   왜 그런가 보니,Economic
473, 나트륨이온배터리     와 경쟁     년 시장 규모   조 ,Economic
474,   년만 최대 영업익  대한전선     대  상승 ,Economic
475,지난해 롯데월드타워 몰     만 명이 찾았다  역대 최다 ,Economic
476, 기계공학 기술력 통했다  현대위아  등속조인트 글로벌 수주  껑충 ,Economic
477,작년  주택임대기업 주택 구매     급감  올해도 침체 ,Economic
478, 겨울잠 자면 시급 지급  시몬스  겨울잠 알바 경쟁률  만대  ,Economic
479, 병원 함부로 가면 안 되겠네  보험료  껑충  대비책은  하우머니 ,Economic
480,벼랑끝 건설사 올들어서도   곳 법정관리  분양보증 사고도 급증,Economic
481,사흘 앞 다가온   인 미만 사업장 중처법 적용 정부  시행 유예  촉구 ,Economic
482, 친절한 경제  미중 무역갈등 여파    조 원짜리 공장 에도 ,Economic
483,  년 만에 외국인 전용 카지노 국내에 문 연다,Economic
484,    반도체가 대세  키움  글로벌  반도체      올 수익률  위,Economic
485,전 구간 착공 앞둔  동탄인덕원선  수혜 분양 단지 어디 ,Economic
486,전세계서  초에   개씩 팔린 한국 제품 사상 최대 매출 쓴  신라면 ,Economic
487,개인이  년간 가장 많이 순매수한 원자재    는  한투운용     금현물     ,Economic
488,메디톡스   뉴라덤 코어타임 앰플  홈쇼핑  사 완판,Economic
489,토스뱅크 외화통장  출시  일 만에   만좌 돌파   대가 가장 많아,Economic
490,꽁꽁 언 하늘 길  항공    편 결항 수도계량기 동파도 잇달아,Economic
491,비트코인 비관론 확산   투자자 셋 중 하나   만달러 아래 추락 ,Economic
492,전기차 수요 둔화에 포스코퓨처엠 작년 영업익       ,Economic
493, 이 정도면 거래절벽  내 집 마련도 이사도 올스톱  매매 전세거래  뚝 ,Economic
494,경기  분양가  년새  억원 올랐다,Economic
495,내일 실적발표   하이닉스  년만에 흑자전환땐  증시도 살아날까,Economic
496,수억 달러 쏟아부었지만 애플카  출시 지연에 성능도 하향,Economic
497,눈구름 약해져 적설량 하향 내륙 최대    제주 울릉도    ,Economic
498,현대위아  작년 등속조인트  조원 수주 비결은 고효율 저진동,Economic
499,뷔 유광굉 만나는 컴포즈커피 유튜브 광고 조회수 하루 만에    만 돌파,Economic
500,교보 신한                보험사  신용대출금리 고공행진,Economic
501,올해 첫 상장 우진엔텍  따따블  성공,Economic
502,지난해 롯데월드타워 몰     만명 찾았다 인기 비결은,Economic
503,현대카드  가수 장범준과      티켓 으로 암표없는 공연 개최,Economic
504, 넷플릭스 가입자    억명 돌파      콘텐츠  랠리,Economic
505,     채권도 잘 팔리는데          안간힘 끝에 완판,Economic
506, 이제    도    로 굴린다               액티브      일반공모형 유입세 앞질러  투자    ,Economic
507,세종시 시내버스 공영자전거 이용객 급증 코로나 이전 수준 회복,Economic
508,기재부 차관   월 말     공시기준 초안 공개 산업계 의견 충분히 수렴 ,Economic
509,문체부  인천 인스파이어  외국인 카지노  허가,Economic
510,이베스트      억 자사주 취득  주가는 급등,Economic
511,경기도  국민평형  분양가  년새  억원 가까이 올라,Economic
512, 온디바이스   시장 성장 수혜  코세스  증권가 낙관에 주가 급등,Economic
513, 이 시각 딜링룸  주요국 통화정책  동결  전망 환율 변동성 주의보,Economic
514,  분기만에 흑자 전환  주가는 무덤덤,Economic
515, 단독  트롯돌 이찬원   구전녹용   대 모델 됐다,Economic
516,대신밸런스제  호스팩  코스닥 상장 첫날       급등 ,Economic
517,서민 대출  빙하기     새마을금고 여신  외환위기 이후 첫 감소 ,Economic
518,코스피  외인 기관  팔자 에 하락 출발     선 하회,Economic
519,고성능에 합리적 가격까지 갖춘     삼성전자      에보 출시,Economic
520,교보 신한                보험사  신용대출금리 고공행진,Economic
521,올해 첫 상장 우진엔텍  따따블  성공,Economic
522,지난해 롯데월드타워 몰     만명 찾았다 인기 비결은,Economic
523,현대카드  가수 장범준과      티켓 으로 암표없는 공연 개최,Economic
524, 넷플릭스 가입자    억명 돌파      콘텐츠  랠리,Economic
525,     채권도 잘 팔리는데          안간힘 끝에 완판,Economic
526, 이제    도    로 굴린다               액티브      일반공모형 유입세 앞질러  투자    ,Economic
527,세종시 시내버스 공영자전거 이용객 급증 코로나 이전 수준 회복,Economic
528,기재부 차관   월 말     공시기준 초안 공개 산업계 의견 충분히 수렴 ,Economic
529,문체부  인천 인스파이어  외국인 카지노  허가,Economic
530,이베스트      억 자사주 취득  주가는 급등,Economic
531,경기도  국민평형  분양가  년새  억원 가까이 올라,Economic
532, 현대건설  해외공사 마진 점차 상승  한투,Economic
533,코츠테크놀로지  원익피앤이와 발전소용 콘트롤러 개발 박차  민수사업 확대 ,Economic
534, 직원이 총기부품 수백억원 불법수출 혐의     모티브  엄중 처벌 필요 ,Economic
535, 넷마블   분기 실적 기대 밑돌듯 투자의견  중립  하향 ,Economic
536,설 대목 앞두고 한우고기값 급락 한우협회   정부 나서달라 ,Economic
537, 이러다 중소기업 다 죽습니다  김기문 하소연에 홍익표가 한 말,Economic
538, 겨울왕국  날씨에 결항 동파 속출,Economic
539,송도지구 초대형 단지  송도자이풍경채 그라노블  이달 분양,Economic
540,보령  당뇨치료제  트루다파  제네릭 처방  위 점유율    ,Economic
541,금리인하 기대에 주목받는 금      금현물      개인순매수  위,Economic
542,넷플릭스  작년  분기 신규 가입자 급증     프로레슬링 독점 중계권 확보,Economic
543,  월 금리동결 전망에  강달러  환율  장중     원 부근까지 상승,Economic
544, 다 올랐네   역대 최고 라는 올해 설  인가족 차례상 비용,Economic
545, 쿠팡 네이버 멤버십 공짜  케이뱅크 생활통장  인기 폭발 ,Economic
546,다날   배터리카드 자동충전하고 용돈 받아가세요 ,Economic
547,건정연  부동산    위기로 전문건설업체 피해 확산 우려 ,Economic
548,현대카드  가수 장범준과      티켓 으로 암표 없는 공연 만든다,Economic
549,다날   다날 배터리 카드  자동충전 오픈,Economic
550,     올해가 우주항공 투자 원년   트렌드 주목해야 ,Economic
551, 기대 가  실망 으로 현물     승인 후 비트코인     이상 급락,Economic
552, 이제 목욕도 못하겠네   만원 넘긴 이용료에 서민  한숨 ,Economic
553,고금리  미분양 우려에 무너지는 지역건설사,Economic
554, 원자력 발전  우진엔텍  상장 첫날 날았다 올해 첫  따따블  핫종목 ,Economic
555, 하이트진로  출고가 인상 긍정적  분기 호실적 전망  한국,Economic
556,올해 첫 공모주 우진엔텍  코스닥 상장 첫날  따따블 ,Economic
557,현대건설  지난해 영업이익     억원 전년        ,Economic
558,하이비젼시스템    억 규모 자사주 취득 신탁계약,Economic
559,넷플릭스 가입자 급증 국내 영상 콘텐츠주 강세,Economic
560,현대카드  가수 장범준과 암표 없는 공연 만든다,Economic
561, 조선  올해 암모니아선 휩쓸었다   척 전량 수주,Economic
562, 수수료 무료  통했다 토스뱅크 외화통장  일 만에   만좌 돌파,Economic
563, 유동원의 투자전략    년전 아베의 유산 천장 뚫은  증시  왜 잘 나가나,Economic
564,셀트리온    우시   와     역량 강화   개 신약 개발 순항 ,Economic
565,  운용   미국나스닥         순자산     억 돌파,Economic
566,건설업계 불황 어디까지 올해 벌써 건설사   곳 법정관리 신청,Economic
567, 탈 메리츠  나선 롯데건설  시중은행과    조 펀드 조성 임박,Economic
568, 태영  부동산    위기 따른 하도급 업체 보호 시급 ,Economic
569, 크래프톤  올해 감익 리스크에도 신작 흥행 가능성  목표가  ,Economic
570,경기 국민평형 아파트 분양가   년 새  억 올라,Economic
571, 속보  한국 등   개국  미 영 후티 추가공습 지지 성명,Economic
572, 종합   분기 만에 흑자 전환              경쟁력 강화 ,Economic
573,하이퍼 럭셔리 아파트  포제스 한강        순위 청약,Economic
574,코스피  실적시즌 경계감에 하락 출발 외국인 기관  팔자 ,Economic
575, 정류장앞 역세권       가치 선점해볼까,Economic
576,  디스플레이  작년  분기 영업익     억,Economic
577,  편한세상 용인역 플랫폼시티  단지 내 상가   월   일 입찰,Economic
578, 애플 전기차 출시      년에나 가능 ,Economic
579,넷플릭스 가입자 급증 국내 영상 콘텐츠주 강세,Economic
580,현대카드  가수 장범준과 암표 없는 공연 만든다,Economic
581, 조선  올해 암모니아선 휩쓸었다   척 전량 수주,Economic
582, 수수료 무료  통했다 토스뱅크 외화통장  일 만에   만좌 돌파,Economic
583, 유동원의 투자전략    년전 아베의 유산 천장 뚫은  증시  왜 잘 나가나,Economic
584,셀트리온    우시   와     역량 강화   개 신약 개발 순항 ,Economic
585,  운용   미국나스닥         순자산     억 돌파,Economic
586,건설업계 불황 어디까지 올해 벌써 건설사   곳 법정관리 신청,Economic
587, 탈 메리츠  나선 롯데건설  시중은행과    조 펀드 조성 임박,Economic
588, 태영  부동산    위기 따른 하도급 업체 보호 시급 ,Economic
589, 크래프톤  올해 감익 리스크에도 신작 흥행 가능성  목표가  ,Economic
590,시몬스  시급    만원  겨울잠 알바 에  만명 몰렸다,Economic
591,자율주행 전기차 애플카 출시 또 지연   빨라야     년 ,Economic
592,우진엔텍  상장 첫날  따따블  직행,Economic
593, 분기 만에 적자탈출  분기 영업익     억 기록한   디스플레이,Economic
594,지금은 부동산  수요대책 이 필요합니다  더 머니이스트 심형석의 부동산정석 ,Economic
595,이닉스  공모주 청약  일차 마감    균등 배정 주식수는 ,Economic
596,농심 신라면      년 사상 최대 매출  조    억원 달성,Economic
597,코스피  외국인 기관 매도   장 초반     선 약보합 출발,Economic
598,넷플릭스  가입자   억    만명 돌파  마감 후    ,Economic
599,우진엔텍  코스닥 상장 첫날  따따블  핫스탁 ,Economic
600,작년 상장사 자사주 소각     증가 자사주 취득     억 셀트리온 최대,Economic
601,  분기 어닝 쇼크 예상  증권가 목표가 줄하향,Economic
602,메리츠     이노  영억접자 예상    온 실적 부진 영향 ,Economic
603, 세계인 인생 울렸다  농심 신라면  매출  년 연속  조 돌파  사상 최대 ,Economic
604,코스피  희비 엇갈린 뉴욕증시에 하락 출발     선,Economic
605, 현대건설  올해 잠시 숨고르기 기수주 프로젝트에 집중 ,Economic
606,애널리스트의 소신  엔씨소프트  전략 다 바꿔라 ,Economic
607, 이건 사야 해   억 대박 터졌다  슬램덩크  출판사의 변신  이미경의 옹기중기 ,Economic
608,한양증권  파인엠텍  올해 폴더블 힌지에  차전지 부품 매출 확장 등 모멘텀   ,Economic
609,문체부  영종도 인스파이어 외국인 카지노 허가    년 만에 신규,Economic
610,한투운용 금현물      최근  년 원자재     개인순매수  위,Economic
611,   증시 따라잡자  금융당국이 내놓을 계획 알고보니,Economic
612,학생은 누가 가르치나 반도체 전문 교수도 없어 반도체인재  각국도생   ,Economic
613,억울한 오뚜기  중기부 장관 상대 행정소송,Economic
614,지난해 동학개미가 꽂힌 원자재    는          금현물       투자    ,Economic
615,간만에 찜질방 갔는데 이게 무슨 일  연료값 급등에 이용료  헉 ,Economic
616,리모델링파    재건축파 붙은  이 단지       후폭풍에 갈등 폭발,Economic
617, 인터뷰   워킹맘    비대위원 장서정  저출생 대책  혜택 줄게 낳아라 식은 안돼 ,Economic
618,금리 내릴 거라는데  왜 이러지   올 집값 더 떨어진다  한은 주택가격전망  개월째 하락,Economic
619, 공유 이효리 등 빅모델 없었는데  위  소비자 뽑은   월 광고는,Economic
620, 이 남자 가 돌아왔다     억원  줍줍 에 알리바바 급등,Economic
621,  증권  넷마블 투자의견    분기 실적 시장 기대치 밑돌 것 ,Economic
622,투자규모 상위   가 누리는 폐지 혜택  금투세 악법만은 아니다,Economic
623,삼성    취업 보장도 소용 없어 외면당하는  반도체학과  반도체인재  각국도생   ,Economic
624,삼성 반도체 메가 클러스터 호재로  용인 에버랜드역 칸타빌  눈길,Economic
625, 영상   지난해      오른 그레이스케일       비트코인 관련주 중 가장 매력적 ,Economic
626,성능 범용성 둘다 잡았다 삼성전자  소비자용     신제품 출시,Economic
627, 앉아서  억 번다    억 아파트가 반값   로또 줍줍  나왔다,Economic
628,경쟁률 상위 독식   세권  아파트의 이유 있는 흥행 가도,Economic
629,    년 부동산 시장 전망  초고령화 시대  시니어 주택 부각 ,Economic
630,메리츠    이노베이션 목표가   자회사   온 수익성 부진 ,Economic
631,  일 낮기온 영상권 회복 동해안 건조  산불조심  내일날씨 ,Economic
632,롯데 계열사 상품 최대     할인 롯데온   월간 롯데  시작,Economic
633,새마을금고 여신 최대폭 감소 저축은행 대출도   년 만에 줄어,Economic
634,하이투자  현대건설  추가 주가 하락 제한적 우발채무 통제 가능 수준 ,Economic
635,집값 더 떨어지나     부실 우려에 주택가격전망  개월 연속 하락,Economic
636,롯데관광개발   분기보다     년을 보라 유안타,Economic
637,금리인하 기대 속 장점으로 무장한  군산 레이크시티 아이파크  주목,Economic
638,전 세계서  초에   개 팔린 농심  신라면   매출 역대 최대치,Economic
639,포스코     후추위  오늘 회장  차 후보군 압축,Economic
640,넷마블  많은 신작 출시에도 떨어지는 흥행 지속성   ,Economic
641,미래   네오위즈  일시적인 신작 공백기  목표가    하향 ,Economic
642,비나텍  사상 최고 연 매출 기록 예상    ,Economic
643, 대표 나스닥지수      인기몰이    순자산     억 넘었다,Economic
644,         분기 호실적 전망 고객사 다변화 긍정적  한화,Economic
645,새 외국인 카지노   년 만에 문 연다 문체부  인스파이어 운영 허가,Economic
646,삼성증권    현대일렉트릭  분기 어닝 서프라이즈    목표가 상향,Economic
647,영화발전기금 고갈 위기에 넷플릭스 티빙에 부담금 물리나,Economic
648,한화투자증권    아이이테크놀로지  분기 영업익 컨센서스 상회 ,Economic
649,설 앞두고 사과값     폭등 정부  수급 대책 마련 ,Economic
650, 중국 게임 규제 취소 낙관 일러 국내 업체 영향 제한적 ,Economic
651,올해 설 차례상 비용  역대 최고  전통시장 기준   만 원,Economic
652,현대건설  적은 우발채무에    리스크 없어 한투,Economic
653,미래에셋   현대건설  마진율 개선이 관건  목표가     하향 ,Economic
654,신한투자증권  현대건설  수익성 회복 지연 목표가       ,Economic
655,파인엠텍  올해  차전지 부품 외장힌지 매출 발생 기대  한양,Economic
656,올해      번 타자 출격 우진엔텍  따따블 홈런  칠까  이슈 전략 ,Economic
657,  디스플레이   분기만에  흑자  성공   영업이익     억,Economic
658,  국민은행  작년  금융권 소비자 관심도   위  신한은행  위,Economic
659,    하우스 분석  남양유업 볼트온 투자 포문 연  한앤코   결실의 해 맞을까  넘버스 ,Economic
660,원익     아웃퍼폼 여건 마련 수익성 개선 효과도 기대   ,Economic
661,서민 대출창구 거의 셧다운 새마을금고 여신  최대폭  감소 머니뭐니 ,Economic
662,정비사업 표준계약서 건설사  공사비 현실화 긍정 평가     조합  현실성 의문 ,Economic
663, 엔비디아 과매수 심각   차익실현 나서야 ,Economic
664,홍익표 만난 김기문  중대재해법 유예를 극적통과 기대 ,Economic
665, 속보  적자행진 멈췄다      디스플레이     년  분기 흑자전환,Economic
666,부동산    대수술 자기자본 최소     추진,Economic
667,연초부터 뜨거운   랠리 장밋빛 전망 언제까지 ,Economic
668,작년에만     만명이 찾았다   롯데월드타워 몰  역대 최다  방문,Economic
669, 홋카이도 명물  푸딩   편의점     서 두달새   만개 넘게 팔려,Economic
670,부동산 겹악재에 실적  빨간불  금융당국  증권사     만난다  이슈 전략 ,Economic
671, 양현석은    억원어치 주식을 언제 샀을까  공시룰도 모르는   ,Economic
672,메리츠     이노  올해도 수익성 부진 장기화 목표가  ,Economic
673,잠실 롯데월드타워 몰에 작년     만명 찾았다  최다 방문객 기록 ,Economic
674,금리 인하 재평가 구간 속       물가지표 대기모드 채권브리핑 ,Economic
675,        영업익     억원 올리며 흑자전환    실적 개선 총력 ,Economic
676,미래에셋  엔씨소프트  실적 모멘텀 부족 목표가 투자의견  ,Economic
677,문체부  영종도 인스파이어 외국인 카지노 허가   년 만에 신규,Economic
678,신한투자증권  풍산  방산 부문 성장 지속 목표가     ,Economic
679,금리 인하 재평가 구간 속       물가지표 대기모드 채권브리핑 ,Economic
680,        영업익     억원 올리며 흑자전환    실적 개선 총력 ,Economic
681,미래에셋  엔씨소프트  실적 모멘텀 부족 목표가 투자의견  ,Economic
682,문체부  영종도 인스파이어 외국인 카지노 허가   년 만에 신규,Economic
683,신한투자증권  풍산  방산 부문 성장 지속 목표가     ,Economic
684,삼성     현대일렉트릭 목표주가  일 만에 추가 상향    만원 ,Economic
685, 소주 맥주 가격 올렸더니  하이트진로  수익성 개선 전망 한투,Economic
686,     스튜디오드래곤   분기 어닝쇼크 예상 목표가     ,Economic
687,스튜디오드래곤     어닝 쇼크 시간이 필요한 회복   ,Economic
688, 그 아파트엔 뭐가 있길래   년도 안 돼  억원 뛰었다,Economic
689,서랍서 뒹구는  이것   요즘 없어서 못 판다고  전세계 중고폰 인기 왜,Economic
690,인도서 난리나더니 결국 삼성  갤럭시     제대로 일냈다,Economic
691, 편리미엄 트렌드 타고     청소  설거지  빨래 대신하는   대 가사 해방 가전   오늘의집서 급성장,Economic
692,  디스플레이  분기 영업이익  천   억원  분기만에 흑자 전환 종합 ,Economic
693,  홍익표 만난 김기문  중처법 유예 요청 극적 통과 기대 ,Economic
694, 차전지  움직일 포스코그룹 실적   분기만 떼어보면  신인규의 이슈레이더 ,Economic
695, 비전 프로  흥행 돌풍에 견제하는  넷플   올라타는  디즈니  ,Economic
696, 어제장 오늘장  반도체 호재 지속  코스피는 꽁꽁 시장 반전 열쇠는 ,Economic
697, 금리인하 지연에 달러화 반등 환율     원 후반대로 상승 외환브리핑 ,Economic
698,코스맥스  국내외 글로벌 브랜드사 채택 이어지는 중 현대차,Economic
699,고부가      비중 늘었다      흑자 전환 성공 상보 ,Economic
700,    가 되레 악재였을까   억 간다던 비트코인  왜 자꾸 흘러내릴까   투자    ,Economic
701,    빙 엣지     빅테크규제법서 제외키로 가닥 ,Economic
702,  이노베이션   현재 주가 저평가 상태 아냐  목표가  메리츠,Economic
703,한화투자     아이이테크놀로지   분기 컨센서스 상회 전망 ,Economic
704,양현석    억 들여 자사주 샀는데   엔터 주가 결과는 ,Economic
705, 굿모닝 증시 코스피 상승 출발 전망  증시 움직임 예의주시,Economic
706, 호재  맞이할 비트코인  벚꽃 피면 상승세 찾아오나   녹취록 ,Economic
707,강남 구 재건축도  유찰   건설업계 싸늘한 입찰전,Economic
708,텍사스 인스트루먼트  신중한 전망으로 반도체 어닝시즌 개막,Economic
709,노후 공원이 공세권 아파트로  변신  비결은 ,Economic
710,스튜디오드래곤     어닝 쇼크 전망 목표가    만  만   ,Economic
711,풍산  방산 부분 성장세 이어갈 것 목표가  신한,Economic
712, 내 몸 누일 곳이 없다   야 너두   서울 주택보급률 최악이라는데,Economic
713,비트코인   만달러 붕괴 현물     승인 후     급락,Economic
714,   증시부양 위해    조원 쏟는다  월가  아마추어들이 뭘 하나       년 악몽   한상춘의 지금세계는 ,Economic
715, 삼성전자 다 팔고 엔비디아 올인  작년 제일 잘 한일  배 넘게 번 나를 칭찬   투자    ,Economic
716,  억 넘는 아파트를  억 천에  인생 가장 잘한 투자 ,Economic
717,키움증권  엔씨소프트  전략 원점서 재검토 필요 목표가     하향 ,Economic
718, 클릭  종목  풍산  수출 지역 다변화 긍정적 목표가   ,Economic
719,고부가      비중 늘었다      흑자 전환 성공 상보 ,Economic
720,    가 되레 악재였을까   억 간다던 비트코인  왜 자꾸 흘러내릴까   투자    ,Economic
721,    빙 엣지     빅테크규제법서 제외키로 가닥 ,Economic
722,  이노베이션   현재 주가 저평가 상태 아냐  목표가  메리츠,Economic
723,한화투자     아이이테크놀로지   분기 컨센서스 상회 전망 ,Economic
724,양현석    억 들여 자사주 샀는데   엔터 주가 결과는 ,Economic
725, 굿모닝 증시 코스피 상승 출발 전망  증시 움직임 예의주시,Economic
726, 호재  맞이할 비트코인  벚꽃 피면 상승세 찾아오나   녹취록 ,Economic
727,강남 구 재건축도  유찰   건설업계 싸늘한 입찰전,Economic
728,텍사스 인스트루먼트  신중한 전망으로 반도체 어닝시즌 개막,Economic
729,다시 돌아온 반도체    의 시대    훈풍 타고 고공행진  글로벌     트렌드 ,Economic
730,봄바람 불면 내 집 마련 열차 떠난다  영통역자이 프라시엘  계약 순항 예고,Economic
731,  반도체     국가전략기술됐다    투자때  공제 최대   ,Economic
732,지난해 상장사 자사주 소각규모      셀트리온 자사주 취득 최대,Economic
733, 슈퍼갑  된    전문가  연봉  억은 예삿일 ,Economic
734, 통신비 할인액     억원 돌려 달라  카드사들  통신사에 소송,Economic
735, 비싸도 너무 비싸  오픈    왜 반도체 직접 만들려 할까 ,Economic
736,얼굴에 점 찍고 돌아온 중고신인들 삼성 전략제품  신의 한수  될까,Economic
737,보랏빛 컬리   년 만에 첫  월간 흑자  찍었다 상장 재추진 기대감 커져,Economic
738,중국은 팔고 떠나고    일본은 사고 벌고   분 브리프 ,Economic
739,   부실에 몸살  엠캐피탈      억 자산유동화 추진,Economic
740, 필요할 땐 오라더니 내줄 돈은 없다   춤추는   정책변수에 현대차그룹  혜택 밀리나      플러스 ,Economic
741,비트코인      만원대로 주저앉아  일주일만에    급락,Economic
742, 김대호 박사의 오늘 기업 사람  엑손 현대차   엔솔    티웨이 에어버스,Economic
743,  가스  점점 늘어나는 배당 목표주가   만원 하나,Economic
744, 삼성전자 러시아 공장  현지업체 임대 가능성 ,Economic
745, 마케팅비책  사춘기 소녀 감성 사로잡은 옷  엄마도 만족해요 ,Economic
746, 뉴욕증시           최고가 갈아치웠다  엔비디아     달러 눈앞,Economic
747, 엘앤에프 코스피로 이전 에코프로 형제  최대 수혜  ,Economic
748, 손안의 등골 브레이커   차라리 저렴한 중고폰 쓸래,Economic
749,    공동주택용지 분양대금 연체액    조 돌파,Economic
750,  억 성수 트리마제    억에 줍줍 김지훈  인생 최고 투자 ,Economic
751,국내 상장사  지난해 자사주    조원 소각 신한지주 현대차 최대,Economic
752, 주주 위해 불 태웠다  작년 상장사 자사주 소각     증가  투자    ,Economic
753, 부진한   증시에   랠리 편승 어려운 상황 ,Economic
754,가격 부담에 뉴욕 증시 혼조세,Economic
755, 반도체 가격상승세 지속 삼성전자   하이닉스 영업이익   조  ,Economic
756,롯데케미칼  목표주가     만   만    ,Economic
757,새마을금고 여신 최대폭 감소  외환위기 이후 처음,Economic
758, 관 출신 안돼     금융  은행장 출신 회장 후보 경합할까,Economic
759, 손 대면 안 될 정도  가짜 명품 검사해 보니  발암 물질  나와,Economic
760, 굿모닝경제  중처법 확대 시행       중기는 하소연 논의는 공전,Economic
761,마트 시장 가면 한숨만  푹푹  설 차례상 비용 따져보니,Economic
762, 글로벌 리치   채권왕  빌 그로스  증시 최고치 경신 말 안 돼 ,Economic
763, 뉴스 돋보기  손 맞잡은 윤석열 한동훈 갈등 봉합 수순,Economic
764,삼성     가 해외에 첨단 반도체 생산기지  결국 믿을 건  안방  뿐  김민지의 칩만사  ,Economic
765,뉴욕증시  기업실적 부진에 혼조 마감            출근전 꼭 글로벌브리핑 ,Economic
766,넷플릭스 가입자    억명 돌파   시간외    급등,Economic
767,  플랫폼 추격에 마트 새벽배송까지 이커머스  샌드위치 신세,Economic
768, 시대가 어느 시댄데  적금 트렌드 달라졌다  한달 적금  흥행몰이,Economic
769, 거래중단 처분  오뚜기 면사랑  중기부 장관 행정소송 걸어,Economic
770,주담대 갈아탈때도 이자 소득공제 세법시행령 이렇게 바뀐다,Economic
771,올해만      억 손실 홍콩     피해  눈덩이 ,Economic
772,장마가 길어지면 재건축 분담금은 폭등합니다  더 머니이스트 최원철의 미래집 ,Economic
773, 이 자리에 월세     만원 말이 됩니까  대기업도 짐 쌌다  현장  ,Economic
774,   증시 어둡다  중학개미들 한 달 만에     억 원 뺐다,Economic
775,주택 용지  벌떼 분양  받더니 토지대금 연체  비상등  켜진 건설사들,Economic
776,월가   트럼프  기  시나리오 주판알  재정적자 채권 발작 우려 ,Economic
777,씨티  올해 말         까지 상승    상저하고 전망  뉴욕마감 ,Economic
778, 트렌딩 핫스톡  넷플릭스 내년부터     생중계 계약 규모   억달러,Economic
779,   증시 어둡다  중학개미들 한 달 만에     억 원 뺐다,Economic
780,주택 용지  벌떼 분양  받더니 토지대금 연체  비상등  켜진 건설사들,Economic
781,월가   트럼프  기  시나리오 주판알  재정적자 채권 발작 우려 ,Economic
782,씨티  올해 말         까지 상승    상저하고 전망  뉴욕마감 ,Economic
783, 트렌딩 핫스톡  넷플릭스 내년부터     생중계 계약 규모   억달러,Economic
784, 글로벌 마켓  뉴욕증시  실적장세 본격화 최고가 경신 부담에 혼조,Economic
785, 역대 최다  작년 롯데월드타워 몰     만명이 찾았다,Economic
786,지수별 혼조 다우 내리고         연속 사상 최고 경신 뉴욕마감 ,Economic
787, 아파트 지어줄 시공사 어디 없나요  유찰 이어지는 정비사업장  집슐랭 ,Economic
788, 인터뷰    디자이너 브랜드 성공방정식은  물건수 줄이고 꾸준히 팔아라 ,Economic
789, 거버넌스워치 서울가스   증권발 폭락 직전 내다 판  촌조카들  누구 ,Economic
790, 시장  트럼프  기 재정위기 간과하고 있다 ,Economic
791,한화 김동관  사장 때 부회장보다     더 받았다,Economic
792,미 일 증시 훨훨 나는데 코리아 디스카운트 여전  한강로 경제브리핑 ,Economic
793,한화  성과 없어도  개월 재직 땐     보상 사실상 주식 고정급,Economic
794,     년  기 부가세 확정신고   확인 안했다간 낭패 달라진 세법은,Economic
795, 어디까지 오르나       다우지수         연일 최고치 경신,Economic
796,탁보그룹  중국 휴머노이드 로봇 산업 육성 수혜주  돈 되는 해외 주식 ,Economic
797,오뚜기  매형 기업과 거래중단 위기  중기부 상대 소송,Economic
798,방문규 김완섭 노형욱 안도걸 총선 앞으로 기재 산업부     금배지  노린다,Economic
